time,open,high,low,close,volume,tickVolume
2026-09-22T05:00:00Z,4343.011,4347.575,4316.309,4323.906,0,9021
2026-09-22T06:00:00Z,4323.965,4324.576,4315.09,4318.324,0,8019
2026-09-22T07:00:00Z,4318.323,4324.317,4299.662,4301.321,0,7586
2026-09-22T08:00:00Z,4301.128,4335.777,4291.489,4330.049,0,12170
2026-09-22T09:00:00Z,4329.993,4338.026,4312.011,4336.595,0,11078
2026-09-22T10:00:00Z,4336.927,4338.322,4321.662,4321.978,0,8253
2026-09-22T11:00:00Z,4321.569,4323.58,4309.016,4322.489,0,9006
2026-09-22T12:00:00Z,4322.533,4343.942,4320.209,4334.044,0,9817
2026-09-22T13:00:00Z,4334.122,4344.029,4327.746,4333.287,0,13894
2026-09-22T14:00:00Z,4333.557,4338.162,4314.918,4328.006,0,12059
2026-09-22T15:00:00Z,4328.135,4340.768,4325.478,4331.339,0,8873
2026-09-22T16:00:00Z,4331.331,4341.979,4322.663,4336.504,0,6697
2026-09-22T17:00:00Z,4336.039,4352.945,4334.775,4350.96,0,7267
2026-09-22T18:00:00Z,4350.778,4360.733,4347.614,4353.383,0,8694
2026-09-22T19:00:00Z,4353.516,4371.357,4353.298,4364.09,0,7812
2026-09-22T20:00:00Z,4364.133,4364.805,4357.473,4358.831,0,3773
2026-09-22T22:00:00Z,4360.158,4365.418,4359.722,4362.519,0,3072
2026-09-22T23:00:00Z,4362.58,4365.741,4358.223,4363.871,0,3370
2026-09-23T00:00:00Z,4363.921,4369.5,4355.099,4357.52,0,6149
2026-09-23T01:00:00Z,4357.703,4359.281,4339.163,4341.353,0,7469
2026-09-23T02:00:00Z,4341.386,4341.554,4333.287,4334.23,0,5465
2026-09-23T03:00:00Z,4334.024,4345.642,4333.317,4342.853,0,4529
2026-09-23T04:00:00Z,4342.856,4347.551,4342.485,4344.318,0,3952
2026-09-23T05:00:00Z,4344.149,4345.961,4327.952,4334.475,0,4995
2026-09-23T06:00:00Z,4334.325,4337.194,4325.851,4331.61,0,6364
2026-09-23T07:00:00Z,4331.409,4333.098,4318.92,4319.838,0,6984
2026-09-23T08:00:00Z,4319.904,4322.899,4315.405,4318.35,0,6056
2026-09-23T09:00:00Z,4318.34,4320.588,4308.254,4314.123,0,5524
2026-09-23T10:00:00Z,4314.853,4319.193,4312.488,4315.522,0,5200
2026-09-23T11:00:00Z,4315.428,4317.262,4294.501,4309.568,0,7352
2026-09-23T12:00:00Z,4309.45,4319.271,4301,4309.643,0,8021
2026-09-23T13:00:00Z,4309.987,4313.747,4280.766,4284.05,0,13730
2026-09-23T14:00:00Z,4284.167,4298.836,4277.867,4294.533,0,14888
2026-09-23T15:00:00Z,4294.506,4297.648,4277.492,4282.211,0,9707
2026-09-23T16:00:00Z,4282.017,4289.797,4278.473,4285.144,0,7661
2026-09-23T17:00:00Z,4285.348,4293.555,4274.775,4292.919,0,10803
2026-09-23T18:00:00Z,4293.036,4295.091,4282.832,4290.249,0,6533
2026-09-23T19:00:00Z,4290.272,4293.346,4281.11,4284.348,0,6355
2026-09-23T20:00:00Z,4284.139,4290.466,4282.677,4286.982,0,3674
2026-09-23T22:00:00Z,4290.386,4294.544,4286.9,4289.56,0,3978
2026-09-23T23:00:00Z,4289.526,4293.431,4284.963,4288.834,0,3646
2026-09-24T00:00:00Z,4288.952,4299.404,4283.902,4298.462,0,6761
2026-09-24T01:00:00Z,4298.649,4303.533,4277.916,4279.328,0,9266
2026-09-24T02:00:00Z,4279.13,4297.115,4273.689,4291.002,0,7470
2026-09-24T03:00:00Z,4290.557,4294.14,4280.43,4284.887,0,5482
2026-09-24T04:00:00Z,4284.878,4290.524,4281.578,4289.406,0,4723
2026-09-24T05:00:00Z,4289.528,4296.571,4277.461,4279.298,0,6621
2026-09-24T06:00:00Z,4279.179,4286.82,4274.406,4276.226,0,8305
2026-09-24T07:00:00Z,4276.394,4288.184,4274.217,4278.553,0,8131
2026-09-24T08:00:00Z,4278.441,4285.667,4260.727,4261.626,0,11505
2026-09-24T09:00:00Z,4261.401,4267.246,4250.923,4255.4,0,8501
2026-09-24T10:00:00Z,4255.34,4264.382,4244.219,4258.228,0,9096
2026-09-24T11:00:00Z,4258.324,4268.092,4252.085,4265.859,0,7833
2026-09-24T12:00:00Z,4265.8,4283.262,4260.41,4281.243,0,10093
2026-09-24T13:00:00Z,4281.217,4285.072,4265.021,4267.763,0,11335
2026-09-24T14:00:00Z,4267.436,4273.317,4252.394,4253.222,0,11416
2026-09-24T15:00:00Z,4253.338,4260.55,4244.798,4256.937,0,10255
2026-09-24T16:00:00Z,4256.796,4288.738,4252.623,4273.319,0,14862
2026-09-24T17:00:00Z,4272.952,4278.043,4257.918,4264.748,0,11011
2026-09-24T18:00:00Z,4264.801,4281.413,4256.164,4271.739,0,10763
2026-09-24T19:00:00Z,4272.182,4276.099,4266.838,4274.121,0,7249
2026-09-24T20:00:00Z,4273.814,4275.334,4264.52,4274.713,0,4927
2026-09-24T22:00:00Z,4273.673,4276.071,4267.747,4272.665,0,3446
2026-09-24T23:00:00Z,4272.562,4276.077,4264.892,4265.213,0,4036
2026-09-25T00:00:00Z,4265.341,4281.071,4264.402,4278.768,0,6714
2026-09-25T01:00:00Z,4278.88,4295.877,4277.068,4288.03,0,7153
2026-09-25T02:00:00Z,4288.122,4295.235,4277.636,4283.751,0,5955
2026-09-25T03:00:00Z,4283.804,4286.432,4269.4,4270.241,0,5810
2026-09-25T04:00:00Z,4270.184,4273.626,4262.641,4263.19,0,5206
2026-09-25T05:00:00Z,4263.154,4276.073,4256.416,4266.93,0,6724
2026-09-25T06:00:00Z,4266.873,4281.788,4266.179,4275.949,0,7359
2026-09-25T07:00:00Z,4276.278,4282.105,4271.311,4279.904,0,8241
2026-09-25T08:00:00Z,4279.852,4297.502,4274.844,4293.408,0,7836
2026-09-25T09:00:00Z,4293.296,4298.179,4289.572,4295.093,0,8299
2026-09-25T10:00:00Z,4294.718,4311.816,4294.062,4311.13,0,6708
2026-09-25T11:00:00Z,4311.276,4315.921,4299.716,4302.906,0,7291
2026-09-25T12:00:00Z,4303.197,4309.654,4296.704,4298.11,0,9753
2026-09-25T13:00:00Z,4298.433,4299.277,4273.343,4275.676,0,12172
2026-09-25T14:00:00Z,4275.967,4280.939,4254.473,4279.17,0,13862
2026-09-25T15:00:00Z,4279.221,4290.973,4269.892,4290.973,0,11190
2026-09-25T16:00:00Z,4291.243,4300.378,4279.292,4286.691,0,13638
2026-09-25T17:00:00Z,4286.406,4293.25,4279.576,4283.472,0,7411
2026-09-25T18:00:00Z,4283.613,4296.376,4282.758,4294.966,0,6474
2026-09-25T19:00:00Z,4294.949,4297.444,4287.805,4291.094,0,6230
2026-09-25T20:00:00Z,4291.354,4292.294,4284.26,4286.027,0,3608
2026-09-27T22:00:00Z,4270.183,4275.165,4257.78,4259.985,0,4506
2026-09-27T23:00:00Z,4260.126,4266.336,4257.404,4260.231,0,4478
2026-09-28T00:00:00Z,4260.175,4261.206,4227.166,4231.174,0,10236
2026-09-28T01:00:00Z,4231.059,4231.795,4205.95,4216.206,0,13937
2026-09-28T02:00:00Z,4216.034,4217.411,4193.992,4196.732,0,9382
2026-09-28T03:00:00Z,4196.907,4203.412,4191.218,4196.879,0,6880
2026-09-28T04:00:00Z,4196.719,4200.332,4194.189,4194.849,0,4878
2026-09-28T05:00:00Z,4194.614,4198.024,4178.876,4179.545,0,8103
2026-09-28T06:00:00Z,4179.344,4181.493,4161.915,4164.098,0,8738
2026-09-28T07:00:00Z,4163.922,4166.402,4150.859,4155.67,0,9939
2026-09-28T08:00:00Z,4155.608,4159.292,4142.75,4144.63,0,9769
2026-09-28T09:00:00Z,4144.577,4157.808,4140.599,4155.251,0,7553
2026-09-28T10:00:00Z,4154.445,4159.617,4151.706,4155.593,0,5278
2026-09-28T11:00:00Z,4155.694,4160.513,4147.626,4148.958,0,7759
2026-09-28T12:00:00Z,4148.818,4171.519,4143.068,4154.561,0,10947
2026-09-28T13:00:00Z,4154.259,4160.6,4136.504,4157.225,0,14144
2026-09-28T14:00:00Z,4157.114,4157.385,4110.799,4118.482,0,13421
2026-09-28T15:00:00Z,4118.734,4128.125,4115.385,4124.121,0,10654
2026-09-28T16:00:00Z,4124.191,4148.113,4116.551,4129.861,0,12554
2026-09-28T17:00:00Z,4129.748,4146.915,4126.232,4134.697,0,10541
2026-09-28T18:00:00Z,4134.749,4142.172,4131.639,4139.342,0,7399
2026-09-28T19:00:00Z,4139.393,4139.677,4122.274,4123.2,0,7113
2026-09-28T20:00:00Z,4123.154,4123.895,4111.306,4114.474,0,4393
2026-09-28T22:00:00Z,4117.712,4126.732,4115.253,4121.708,0,3276
2026-09-28T23:00:00Z,4121.671,4129.162,4121.27,4127.599,0,3511
2026-09-29T00:00:00Z,4127.272,4128.092,4114.395,4117.695,0,8596
2026-09-29T01:00:00Z,4117.779,4136.981,4113.31,4135.276,0,11963
2026-09-29T02:00:00Z,4135.315,4139.461,4126.575,4137.616,0,7588
2026-09-29T03:00:00Z,4137.557,4140.524,4131.763,4133.912,0,5803
2026-09-29T04:00:00Z,4133.792,4134.159,4124.783,4126.719,0,4956
2026-09-29T05:00:00Z,4126.946,4145.118,4122.007,4139.215,0,7873
2026-09-29T06:00:00Z,4139.228,4148.214,4138.897,4140.52,0,7506
2026-09-29T07:00:00Z,4140.635,4149.15,4136.067,4141.265,0,7484
2026-09-29T08:00:00Z,4141.312,4146.759,4137.659,4139.483,0,6749
2026-09-29T09:00:00Z,4139.744,4148.888,4139.049,4145.648,0,6892
2026-09-29T10:00:00Z,4146.01,4154.986,4143.237,4153.501,0,5874
2026-09-29T11:00:00Z,4153.654,4161.426,4149.854,4153.612,0,6323
2026-09-29T12:00:00Z,4153.361,4159.025,4148.682,4151.301,0,7766
2026-09-29T13:00:00Z,4151.318,4164.583,4150.699,4157.691,0,10376
2026-09-29T14:00:00Z,4157.638,4175.381,4157.637,4170.689,0,10563
2026-09-29T15:00:00Z,4170.439,4170.826,4148.527,4158.218,0,9623
2026-09-29T16:00:00Z,4158.407,4158.935,4144.625,4145.834,0,7286
2026-09-29T17:00:00Z,4145.714,4148.969,4142.277,4144.035,0,6327
2026-09-29T18:00:00Z,4144.088,4175.964,4144.088,4170.783,0,11774
2026-09-29T19:00:00Z,4170.71,4177.633,4167.635,4177.407,0,6314
2026-09-29T22:00:00Z,4183.262,4184.344,4176.934,4179.1,0,2926
2026-09-29T23:00:00Z,4179.164,4187.835,4178.662,4185.183,0,3271
2026-09-30T00:00:00Z,4185.003,4187.606,4176.718,4176.851,0,6311
2026-09-30T01:00:00Z,4176.79,4181.599,4167.215,4172.267,0,8083
2026-09-30T02:00:00Z,4172.155,4184.625,4171.484,4179.648,0,6973
2026-09-30T03:00:00Z,4179.597,4182.502,4171.352,4172.634,0,5556
2026-09-30T04:00:00Z,4172.826,4185.012,4172.312,4179.245,0,4981
2026-09-30T05:00:00Z,4179.158,4182.47,4165.644,4178.318,0,6894
2026-09-30T06:00:00Z,4178.317,4195.027,4176.297,4190.981,0,8259
2026-09-30T07:00:00Z,4190.464,4201.374,4189.843,4193.815,0,7480
2026-09-30T08:00:00Z,4193.175,4202.421,4191.331,4191.983,0,7348
2026-09-30T09:00:00Z,4191.677,4195.228,4183.11,4188.127,0,6059
2026-09-30T10:00:00Z,4188.052,4190.71,4181.467,4184.906,0,5938
2026-09-30T11:00:00Z,4184.714,4192.534,4176.505,4186.588,0,6339
2026-09-30T12:00:00Z,4186.537,4219.436,4182.888,4208.496,0,13176
2026-09-30T13:00:00Z,4208.823,4214.534,4176.601,4177.483,0,12838
2026-09-30T14:00:00Z,4177.527,4183.783,4164.33,4165.532,0,15074
2026-09-30T15:00:00Z,4165.68,4168.326,4151.359,4157.268,0,11759
2026-09-30T16:00:00Z,4157.508,4163.267,4154.885,4157.833,0,7852
2026-09-30T17:00:00Z,4157.527,4158.856,4147.457,4151.604,0,7576
2026-09-30T18:00:00Z,4151.751,4155.206,4147.462,4151.779,0,6140
2026-09-30T19:00:00Z,4152.013,4157.121,4149.446,4156.234,0,6953
2026-09-30T20:00:00Z,4156.066,4160.365,4151.091,4157.152,0,4700
2026-09-30T22:00:00Z,4160.474,4160.729,4153.339,4154.317,0,2823
2026-09-30T23:00:00Z,4154.33,4156.823,4151.962,4155.953,0,2796
2026-10-01T00:00:00Z,4156.244,4156.244,4139.192,4145.204,0,6898
2026-10-01T01:00:00Z,4145.151,4164.897,4145.006,4156.755,0,6612
2026-10-01T02:00:00Z,4156.89,4161.99,4151.39,4160.654,0,6150
2026-10-01T03:00:00Z,4160.916,4177.008,4159.284,4175.359,0,5527
2026-10-01T04:00:00Z,4175.244,4180.814,4171.615,4180.153,0,4847
2026-10-01T05:00:00Z,4180.329,4193.051,4179.171,4188.059,0,5428
2026-10-01T06:00:00Z,4187.668,4192.52,4180.555,4181.945,0,6366
2026-10-01T07:00:00Z,4181.885,4183.582,4154.439,4163.732,0,10481
2026-10-01T08:00:00Z,4163.727,4167.874,4148.975,4153.573,0,10305
2026-10-01T09:00:00Z,4153.28,4163.776,4152.633,4154.617,0,7245
2026-10-01T10:00:00Z,4154.487,4179.017,4150.41,4175.921,0,8524
2026-10-01T11:00:00Z,4176.088,4186.015,4166.539,4182.812,0,8292
2026-10-01T12:00:00Z,4182.991,4187.971,4174.816,4178.713,0,9061
